Filename,LC3CellID,MandersMOC,Mandersk1,Mandersk2,MandersM1,MandersM2
LC3-puncta_MOConly_batch-seg_3Jun21_012b_000_AP4E1-A_NSW3012_488-LC3_594-LAMP1_basal_60X_001.nd2,1,0.993988,0.163111,6.05731,1,1
,1,0.966656,0.133237,7.01322,1,1
,1,0.987472,0.123903,7.8699,1,1
,1,0.989777,0.159719,6.13365,1,1
,1,0.997706,0.157913,6.30359,1,1
,2,0.996607,0.196337,5.05878,1,1
,2,0.991833,0.869863,1.1309,1,1
,2,0.995133,0.212309,4.66438,1,1
,2,0.994973,0.200031,4.94908,1,1
,2,0.949184,0.179375,5.02272,1,1
,2,0.997689,0.254862,3.90558,1,1
,2,0.979549,0.249672,3.84311,1,1
,2,0.997215,0.481004,2.06742,1,1
,2,0.988687,0.419778,2.32862,1,1
,3,0.973331,0.920539,1.02915,1,1
,3,0.984756,0.402323,2.41036,1,1
,3,0.993939,0.414605,2.38279,1,1
,3,0.999742,0.26077,3.83282,1,1
,3,0.982684,0.235646,4.09796,1,1
LC3-puncta_MOConly_batch-seg_3Jun21_012b_000_AP4E1-A_NSW3012_488-LC3_594-LAMP1_basal_60X_002_crop.nd2,1,0.99876,0.265985,3.75029,1,1
,1,0.967226,1.02719,0.910761,1,1
,2,0.982741,0.185647,5.20224,1,1
,2,0.989184,0.172162,5.68352,1,1
,2,0.993127,0.172309,5.72403,1,1
,3,0.99737,0.236563,4.205,1,1
,3,0.891956,0.0530642,14.9929,1,1
,4,0.984716,0.202981,4.77713,1,1
,4,0.984392,0.350991,2.76083,1,1
,4,0.997459,0.211247,4.70978,1,1
,4,0.99377,0.143837,6.86595,1,1
,4,0.965902,0.122454,7.61894,1,1
LC3-puncta_MOConly_batch-seg_3Jun21_012b_000_AP4E1-A_NSW3012_488-LC3_594-LAMP1_basal_60X_003_crop.nd2,1,0.985849,0.293468,3.31177,1,1
,1,0.976274,0.349797,2.72475,1,1
,1,0.990046,0.907458,1.08015,1,1
,1,0.98889,0.217753,4.49089,1,1
,1,0.989458,0.394058,2.48448,1,1
,1,0.953201,0.261046,3.48057,1,1
,1,0.991676,0.70794,1.38913,1,1
,2,0.974902,0.475504,1.99879,1,1
,2,0.971723,0.609061,1.55033,1,1
,2,0.995454,0.322955,3.06832,1,1
,2,0.911036,0.0857154,9.68306,1,1
,2,0.943734,0.264378,3.36879,1,1
,2,0.963163,0.955532,0.970855,1,1
,2,0.947563,0.0786248,11.4197,1,1
,2,0.986179,0.929794,1.04598,1,1
,2,0.961739,0.124563,7.4255,1,1
,3,1,0.488506,2.04706,1,1
,3,0.998756,0.276442,3.60841,1,1
,3,0.988548,0.742063,1.31691,1,1
,3,0.999973,0.265557,3.76547,1,1
,3,0.997956,0.30935,3.21939,1,1
,3,0.990625,0.527388,1.86075,1,1
,3,0.994198,0.160171,6.17108,1,1
,3,0.99413,0.199434,4.9555,1,1
,4,1,1.35038,0.74053,1,1
,4,0.989091,0.17537,5.57849,1,1
,4,0.98488,0.890895,1.08878,1,1
,4,0.993686,0.879172,1.12311,1,1
,4,0.993239,0.330393,2.98591,1,1
,4,0.996515,0.202995,4.89195,1,1
,4,0.990896,0.416336,2.35837,1,1
,4,0.999078,0.287199,3.47549,1,1
,4,0.95379,0.485276,1.87463,1,1
,4,0.769465,0.316074,1.87322,1,1
,4,0.983573,0.369002,2.62171,1,1
,4,0.987668,0.1986,4.91181,1,1
,4,0.989665,0.284421,3.44361,1,1
,4,0.995139,0.289337,3.42266,1,1
,4,0.983283,0.30613,3.15829,1,1
,4,0.990809,0.190281,5.15923,1,1
LC3-puncta_MOConly_batch-seg_3Jun21_012b_000_AP4E1-A_NSW3012_488-LC3_594-LAMP1_basal_60X_004.nd2,1,1,0.20221,4.94536,1,1
,1,0.974021,0.357475,2.65394,1,1
,1,0.992872,0.356307,2.7667,1,1
,1,1,0.458115,2.18286,1,1
,2,0.979476,0.280588,3.41915,1,1
,2,0.920776,0.195345,4.34016,1,1
,2,0.966669,0.220867,4.23081,1,1
,2,0.993245,0.453642,2.1747,1,1
,2,0.986539,0.363225,2.67949,1,1
,2,0.992048,0.261813,3.75902,1,1
,2,0.994417,0.234555,4.21592,1,1
,2,0.99546,0.351827,2.81656,1,1
,2,0.984098,0.23098,4.19278,1,1
,2,0.996259,0.863136,1.14991,1,1
,2,0.985854,0.425653,2.28333,1,1
,2,0.983634,0.243522,3.97309,1,1
,2,0.983867,0.605189,1.59949,1,1
,2,0.993745,0.557298,1.772,1,1
,2,0.993373,0.305267,3.23255,1,1
,2,0.994698,0.266814,3.70829,1,1
,2,0.986199,0.628166,1.5483,1,1
,2,0.999069,0.925489,1.0785,1,1
,2,0.979754,0.299826,3.20158,1,1
,2,0.987573,0.57952,1.68295,1,1
,2,0.909916,0.177186,4.67275,1,1
,2,0.959368,0.695466,1.32341,1,1
,2,0.957587,0.247327,3.70753,1,1
,2,0.991985,0.411297,2.39252,1,1
,2,0.965617,0.361552,2.57893,1,1
,2,0.9855,0.290821,3.33955,1,1
,2,0.997191,0.506921,1.96163,1,1
,2,0.990824,0.216846,4.52733,1,1
,2,0.992792,0.222842,4.42302,1,1
,3,0.971841,0.243385,3.88058,1,1
,3,0.994913,0.177858,5.56539,1,1
,3,0.928746,0.113083,7.62778,1,1
,3,0.923545,0.121024,7.04766,1,1
,3,0.98764,0.277149,3.51953,1,1
,3,0.940516,0.123735,7.14893,1,1
,3,0.963542,0.203936,4.55248,1,1
,3,1,0.208009,4.80749,1,1
,3,0.948976,0.141974,6.34311,1,1
,3,0.834629,0.145731,4.78008,1,1
,3,0.965503,0.26682,3.49372,1,1
,3,0.99315,0.321141,3.07139,1,1
,3,0.958817,0.162764,5.64823,1,1
,3,0.992607,0.168133,5.86005,1,1
,3,0.931616,0.20182,4.30041,1,1
,3,0.983815,0.590633,1.63874,1,1
,3,0.981079,0.225769,4.26327,1,1
,3,0.991224,0.243865,4.02898,1,1
,3,0.950063,0.257531,3.5049,1,1
,3,0.883919,0.211626,3.69195,1,1
,3,0.93446,0.165029,5.29128,1,1
,3,0.996569,0.162873,6.09769,1,1
,3,1,0.2,5,1,1
,3,0.99839,0.272214,3.66176,1,1
,3,0.962497,0.323117,2.86707,1,1
,3,0.946665,0.24201,3.70305,1,1
,3,0.940415,0.350612,2.52239,1,1
,3,0.924334,0.658053,1.29836,1,1
,3,0.88305,0.202193,3.85659,1,1
,3,0.980475,0.220433,4.36111,1,1
,3,1,0.458167,2.18261,1,1
,3,0.97584,0.589879,1.61434,1,1
,3,0.947989,0.412245,2.17997,1,1
,3,0.896123,0.241603,3.32378,1,1
,3,0.985782,0.271549,3.57861,1,1
,3,0.999564,0.383454,2.6056,1,1
,3,0.925795,0.151131,5.67123,1,1
,3,0.979341,0.208987,4.58933,1,1
,3,0.884671,0.364747,2.14572,1,1
,3,0.9792,0.455242,2.1062,1,1
,3,0.999459,0.256955,3.88752,1,1
,3,0.986266,0.38173,2.54819,1,1
,3,0.992507,0.208621,4.72181,1,1
,3,0.996379,0.246976,4.01972,1,1
,3,0.871716,0.450817,1.68558,1,1
,3,0.990398,0.483445,2.02896,1,1
,3,1,0.246243,4.06103,1,1
,3,0.931839,0.209849,4.13786,1,1
,3,0.975013,0.344508,2.75944,1,1
,3,0.929774,0.130871,6.60558,1,1
,3,0.937743,0.397389,2.21285,1,1
,3,0.936201,0.146896,5.96662,1,1
,3,0.955503,0.224375,4.06902,1,1
,3,0.931865,0.20169,4.30549,1,1
,3,0.926767,0.482134,1.78145,1,1
,3,0.945954,0.231249,3.86954,1,1
,3,0.986164,0.586794,1.65734,1,1
,3,0.972675,0.46846,2.01959,1,1
,3,0.943243,0.364098,2.44359,1,1
,3,0.999207,0.301321,3.31347,1,1
,3,0.978054,0.181104,5.282,1,1
,3,1,0.393865,2.53894,1,1
,3,0.985442,0.370623,2.62017,1,1
,3,0.982805,0.319199,3.02603,1,1
,3,0.968043,0.195404,4.79574,1,1
,3,0.87752,0.105581,7.29339,1,1
,3,0.999952,0.296366,3.37388,1,1
,3,0.957506,0.160925,5.69718,1,1
,3,0.996396,0.271567,3.65583,1,1
,3,0.99734,0.198338,5.01511,1,1
,3,0.892561,0.100459,7.93021,1,1
,3,0.946882,0.172436,5.19953,1,1
,3,0.98977,0.170679,5.7397,1,1
,3,0.999985,0.223048,4.48319,1,1
,3,0.965527,0.177302,5.25792,1,1
,3,0.989068,0.190732,5.12896,1,1
,3,0.906976,0.121234,6.78528,1,1
,3,0.938336,0.154471,5.69992,1,1
,3,0.975327,0.442331,2.15057,1,1
,3,0.989922,0.278733,3.51571,1,1
,3,0.918035,0.101593,8.29574,1,1
,3,0.949476,0.198855,4.53348,1,1
,3,0.963289,0.210701,4.40399,1,1
,3,0.895662,0.108541,7.39087,1,1
,3,0.975489,0.139279,6.83219,1,1
,3,0.998302,0.291928,3.41388,1,1
,3,0.992013,0.278956,3.52776,1,1
,3,0.98543,0.23941,4.05611,1,1
,3,0.933508,0.13251,6.5764,1,1
,3,0.992075,0.464466,2.11902,1,1
,3,0.937343,0.139176,6.31296,1,1
,3,0.906501,0.0881473,9.32239,1,1
,3,0.952443,0.1485,6.10876,1,1
,3,0.992112,0.456932,2.15412,1,1
,3,0.880197,0.102286,7.57431,1,1
,3,0.953058,0.0965337,9.40936,1,1
,3,0.893521,0.122254,6.53049,1,1
,3,0.995664,0.237491,4.17424,1,1
,3,0.995566,0.215588,4.59744,1,1
,3,1,0.278976,3.58454,1,1
,3,0.963125,0.356665,2.60079,1,1
,3,0.928543,0.116987,7.37,1,1
,3,0.989707,0.541383,1.80929,1,1
,3,0.989702,0.609711,1.60652,1,1
,3,0.999995,1.02778,0.972963,1,1
LC3-puncta_MOConly_batch-seg_3Jun21_012b_000_AP4E1-A_NSW3012_488-LC3_594-LAMP1_basal_60X_005_crop.nd2,1,0.992542,0.196684,5.00875,1,1
,1,0.997119,0.401076,2.47895,1,1
,1,0.993375,0.298855,3.30191,1,1
,1,1,0.459158,2.1779,1,1
,1,0.998294,0.301382,3.30673,1,1
,1,0.995526,0.257549,3.84809,1,1
,1,0.97931,0.265135,3.61721,1,1
,1,0.980353,0.212918,4.5139,1,1
,2,0.985618,0.231569,4.19505,1,1
,2,0.943652,0.17962,4.95757,1,1
,2,0.996991,0.440947,2.25422,1,1
,2,0.967083,0.426256,2.1941,1,1
,2,0.979535,0.33061,2.90218,1,1
,2,0.988901,0.414682,2.35826,1,1
,2,0.997423,0.271123,3.66938,1,1
,2,0.977084,0.209896,4.54842,1,1
,2,0.990691,0.215877,4.54644,1,1
,2,0.998866,0.2965,3.36503,1,1
,2,0.982852,0.566321,1.70574,1,1
,2,0.961246,0.21401,4.31753,1,1
,2,0.99722,0.385007,2.58293,1,1
,2,0.983458,0.373272,2.59111,1,1
,2,0.983988,0.198232,4.88435,1,1
LC3-puncta_MOConly_batch-seg_3Jun21_012b_000_AP4E1-A_NSW3012_488-LC3_594-LAMP1_basal_60X_006.nd2,1,0.99261,0.158362,6.22167,1,1
,1,0.996597,0.208988,4.75245,1,1
,1,0.999802,0.257238,3.88592,1,1
,1,0.990278,0.379896,2.58137,1,1
,1,1,0.215543,4.63946,1,1
,1,0.987199,0.155336,6.2739,1,1
,2,0.994841,0.164579,6.01359,1,1
,2,0.98913,0.832659,1.17501,1,1
,2,0.977447,0.543065,1.75928,1,1
,2,0.991339,0.226938,4.3305,1,1
,2,0.984325,0.135609,7.14477,1,1
,2,0.99643,0.246452,4.02867,1,1
,2,0.994712,0.155511,6.36259,1,1
,2,1,0.139194,7.18421,1,1
,2,0.978852,0.125452,7.63757,1,1
,3,0.979198,0.263125,3.644,1,1
,3,0.977713,1.30203,0.734181,1,1
,3,1,0.264746,3.7772,1,1
,3,0.989375,0.261951,3.73681,1,1
,3,0.992293,0.182803,5.38636,1,1
,3,0.993274,0.213995,4.61036,1,1
,3,0.993497,0.452045,2.18349,1,1
,3,0.982916,0.290677,3.32371,1,1
,3,0.978474,0.36832,2.5994,1,1
,3,0.995939,0.215446,4.60392,1,1
,3,0.999722,0.163295,6.12049,1,1
,4,0.991648,0.352142,2.79253,1,1
,4,0.992301,0.179801,5.47641,1,1
,4,0.99959,0.236936,4.21708,1,1
,4,1,0.16474,6.07018,1,1
,4,0.990959,0.166672,5.8918,1,1
,4,0.978342,0.19917,4.80572,1,1
,4,0.989201,0.148466,6.59085,1,1
,4,0.996893,0.174883,5.68264,1,1
,4,0.995052,0.272641,3.63163,1,1
,4,0.992414,0.188952,5.21235,1,1
,4,0.991453,0.242922,4.04648,1,1
LC3-puncta_MOConly_batch-seg_3Jun21_012b_000_AP4E1-A_NSW3012_488-LC3_594-LAMP1_basal_60X_008_crop.nd2,1,0.99086,0.161954,6.06223,1,1
,1,0.99251,0.340325,2.89452,1,1
,2,0.982768,0.206451,4.67827,1,1
,2,0.994528,0.152946,6.46689,1,1
,2,0.992933,0.192683,5.11678,1,1
,2,0.925257,0.0879619,9.73264,1,1
,2,0.959686,0.130313,7.06758,1,1
,2,1,0.248447,4.025,1,1
LC3-puncta_MOConly_batch-seg_3Jun21_012b_000_AP4E1-A_NSW3012_488-LC3_594-LAMP1_basal_60X_011_crop.nd2,1,0.980937,0.248729,3.86862,1,1
,1,0.99632,0.699501,1.41909,1,1
,2,0.986535,0.39811,2.44468,1,1
,2,0.800251,0.229831,2.7864,1,1
,2,0.980685,0.771301,1.24691,1,1
,2,0.98898,0.259427,3.77015,1,1
,2,1,0.537415,1.86076,1,1
,2,0.996291,1.59187,0.623542,1,1
,2,0.99834,0.214841,4.63917,1,1
,2,0.975431,0.390755,2.43494,1,1
,2,1,0.479844,2.08401,1,1
,2,0.998445,0.555927,1.79321,1,1
,2,0.978653,0.148131,6.46563,1,1
LC3-puncta_MOConly_batch-seg_3Jun21_012b_000_AP4E1-A_NSW3012_488-LC3_594-LAMP1_basal_60X_012_crop.nd2,1,0.987932,0.14435,6.76139,1,1
,1,1,0.279951,3.57205,1,1
,1,0.89839,0.280551,2.87686,1,1
,1,0.866413,0.223036,3.3657,1,1
,1,0.996653,0.174743,5.68444,1,1
,2,0.983029,0.88316,1.09419,1,1
LC3-puncta_MOConly_batch-seg_3Jun21_012b_000_AP4E1-A_NSW3012_488-LC3_594-LAMP1_basal_60X_013.nd2,1,0.987532,0.183774,5.30662,1,1
,1,0.989984,0.155567,6.29998,1,1
,1,0.983255,0.163622,5.9087,1,1
,1,1,0.165062,6.05833,1,1
,1,0.962996,1.42087,0.652673,1,1
,1,0.994031,1.14256,0.86481,1,1
,1,0.996435,1.19757,0.829078,1,1
,1,0.998517,0.511291,1.95004,1,1
,1,0.989141,0.184512,5.30264,1,1
,1,0.996505,0.151811,6.54117,1,1
,2,0.976128,0.370177,2.57397,1,1
,2,1,0.484393,2.06444,1,1
LC3-puncta_MOConly_batch-seg_3Jun21_012b_000_AP4E1-A_NSW3012_488-LC3_594-LAMP1_basal_60X_014_crop.nd2,1,0.99596,0.158281,6.26692,1,1
,1,0.997383,0.604649,1.64521,1,1
,1,0.998859,0.258118,3.86537,1,1
,1,0.990926,0.22113,4.44053,1,1
,1,0.99623,0.203343,4.8808,1,1
,1,1,0.527701,1.89501,1,1
,1,0.998763,0.149517,6.67166,1,1
,2,1,0.602469,1.65984,1,1
,2,0.968795,0.271998,3.45062,1,1
,2,0.977984,0.734046,1.30299,1,1
,2,0.972322,0.694038,1.36219,1,1
,2,0.988481,0.850372,1.14902,1,1
,2,0.981815,1.12335,0.858112,1,1
,2,0.981835,0.536734,1.79605,1,1
,2,0.981293,0.317197,3.03577,1,1
,2,0.988825,0.225585,4.33439,1,1
,2,1,0.650704,1.5368,1,1
,2,0.997921,1.16105,0.857711,1,1
,2,0.992133,0.315818,3.11675,1,1
,2,0.989811,2.09517,0.467612,1,1
,2,0.977618,0.535197,1.78577,1,1
,2,0.992137,0.31074,3.16772,1,1
,2,0.993189,0.336615,2.93042,1,1
,2,0.989951,0.277894,3.52654,1,1
,2,0.993808,0.193468,5.10501,1,1
,2,0.912982,0.535196,1.55744,1,1
,2,0.951514,0.267361,3.38636,1,1
,2,1,1.13648,0.87991,1,1
,2,0.960227,0.784972,1.17461,1,1
,2,0.950596,0.415039,2.17722,1,1
,2,1,0.228148,4.38312,1,1
,2,0.999569,0.18539,5.38939,1,1
LC3-puncta_MOConly_batch-seg_3Jun21_012b_000_AP4E1-A_NSW3012_488-LC3_594-LAMP1_basal_60X_018_crop_crop.nd2,1,0.993316,0.195051,5.05856,1,1
,1,0.998935,0.174838,5.70741,1,1
,1,0.996736,0.152991,6.49375,1,1
,1,0.992366,0.203574,4.83751,1,1
,2,0.981336,0.524562,1.83586,1,1
,3,0.993856,0.359861,2.74481,1,1
,3,0.973685,0.213013,4.45073,1,1
,3,0.936087,0.223679,3.91748,1,1
,3,0.950627,0.494974,1.82574,1,1
,3,0.999242,0.295779,3.37578,1,1
,3,0.992983,0.42266,2.33288,1,1
,4,0.977628,0.927765,1.03017,1,1
,4,0.986384,0.367031,2.65088,1,1
,4,0.994997,0.741714,1.33477,1,1
,5,1,0.151134,6.61667,1,1
,5,0.996012,0.227309,4.36428,1,1
,5,0.986222,0.246924,3.939,1,1
,5,0.99589,0.177131,5.59924,1,1
LC3-puncta_MOConly_batch-seg_3Jun21_012b_000_Control-A_NSW3012_488-LC3_594-LAMP1_basal_60X_001.nd2,1,1,0.389127,2.56985,1,1
,1,0.997307,0.842199,1.18098,1,1
,1,0.982809,0.430304,2.24472,1,1
,1,0.998926,0.102226,9.76124,1,1
,1,0.984295,0.51851,1.8685,1,1
,1,0.977613,0.657825,1.45286,1,1
,2,0.997768,0.159272,6.25057,1,1
,2,1,0.311815,3.20703,1,1
,2,0.987593,0.402328,2.42424,1,1
,2,0.990652,0.40867,2.40143,1,1
,3,0.990168,0.575783,1.70278,1,1
,3,1,0.256447,3.89944,1,1
,3,0.990602,0.527188,1.86137,1,1
,3,0.973453,0.424966,2.22985,1,1
,3,0.985099,0.996573,0.973757,1,1
,3,0.922745,0.454125,1.87494,1,1
,3,0.989356,0.956698,1.02313,1,1
,3,0.990391,1.45105,0.675976,1,1
LC3-puncta_MOConly_batch-seg_3Jun21_012b_000_Control-A_NSW3012_488-LC3_594-LAMP1_basal_60X_003.nd2,1,1,0.845194,1.18316,1,1
,1,0.956437,0.184518,4.95763,1,1
,1,0.973103,0.154147,6.14303,1,1
,1,0.983345,0.288741,3.3489,1,1
,1,0.893209,0.227272,3.51043,1,1
,1,0.996865,0.713881,1.39203,1,1
,1,0.894088,0.20604,3.8798,1,1
,1,0.992154,0.164706,5.97653,1,1
,1,0.99872,0.186451,5.34962,1,1
,1,0.998851,0.279208,3.57333,1,1
,1,1,0.148094,6.75248,1,1
,2,0.986281,0.172867,5.62717,1,1
,2,0.978827,0.184385,5.19621,1,1
,2,0.981314,0.204951,4.69857,1,1
,2,0.999452,0.18675,5.34889,1,1
,2,0.999952,0.209352,4.77618,1,1
,2,0.988942,0.175223,5.5815,1,1
,2,1,0.217579,4.59603,1,1
,2,0.986497,0.611208,1.59222,1,1
,2,1,1.06093,0.942568,1,1
,2,0.995191,0.212696,4.65644,1,1
,2,0.980779,0.182891,5.25956,1,1
,2,0.979877,0.170748,5.62323,1,1
,2,1,0.161004,6.21101,1,1
,2,0.979588,0.402806,2.38227,1,1
,2,0.988929,0.147699,6.62143,1,1
,2,0.995021,0.314036,3.15272,1,1
,3,0.98621,0.186644,5.21104,1,1
,3,0.989231,0.226655,4.31747,1,1
,3,1,0.223841,4.46746,1,1
,3,0.94487,0.246655,3.61954,1,1
,3,0.991697,0.369726,2.65997,1,1
,3,0.996776,0.325276,3.05452,1,1
,3,0.998561,0.20095,4.96206,1,1
,3,0.994757,0.240549,4.11368,1,1
,4,0.962083,0.14351,6.44976,1,1
,4,0.974517,0.171668,5.5321,1,1
,5,0.994566,0.230228,4.29645,1,1
,5,0.980704,0.667779,1.44027,1,1
,5,0.973761,0.154944,6.11972,1,1
,5,0.961047,0.741515,1.24557,1,1
,5,0.934623,0.125616,6.95391,1,1
,5,0.952833,0.343774,2.64096,1,1
,5,0.973434,0.519556,1.82381,1,1
,5,0.990976,0.157128,6.2499,1,1
,5,0.9956,0.737649,1.34375,1,1
,5,0.975513,0.196078,4.85331,1,1
,5,0.980866,0.182157,5.28169,1,1
,6,0.937266,0.103492,8.48823,1,1
,6,0.921929,0.115918,7.33238,1,1
,6,0.889364,0.163396,4.84079,1,1
,6,0.971815,0.1699,5.55871,1,1
,6,0.99382,0.194797,5.07029,1,1
,6,0.981901,0.264617,3.64349,1,1
,6,0.998627,0.148818,6.70117,1,1
,6,0.9703,0.265548,3.54543,1,1
,6,0.99778,0.21934,4.53892,1,1
,6,0.979725,0.260623,3.68294,1,1
LC3-puncta_MOConly_batch-seg_3Jun21_012b_000_Control-A_NSW3012_488-LC3_594-LAMP1_basal_60X_005.nd2,1,0.985021,0.242532,4.00057,1,1
,1,0.884971,0.100457,7.79612,1,1
,1,0.958236,0.382592,2.39998,1,1
,1,1,1.1824,0.845739,1,1
,1,1,0.71831,1.39216,1,1
,1,0.991677,0.294084,3.34402,1,1
,1,0.999554,0.229313,4.35697,1,1
,1,0.995653,0.524593,1.8897,1,1
,1,0.992125,0.261688,3.76139,1,1
,1,0.995509,0.572384,1.73142,1,1
,1,0.991282,0.686984,1.43037,1,1
,1,0.995101,0.362758,2.72971,1,1
,1,0.994762,0.207299,4.77354,1,1
,1,0.999778,0.22645,4.41403,1,1
,2,0.983711,0.269771,3.58707,1,1
,2,0.992305,0.555755,1.77177,1,1
,2,0.984332,0.268957,3.60247,1,1
,2,0.969904,0.384531,2.4464,1,1
,3,0.980702,0.553627,1.73723,1,1
,3,0.994481,0.1539,6.4262,1,1
,3,0.998668,0.287104,3.47379,1,1
,3,0.993639,0.281654,3.50543,1,1
,3,0.997814,0.614913,1.61914,1,1
,3,0.999626,0.191018,5.23119,1,1
,3,1,0.186076,5.37415,1,1
,3,1,0.537212,1.86146,1,1
,3,0.998963,0.318162,3.13653,1,1
,3,0.998679,0.861067,1.15828,1,1
,3,0.97275,0.343317,2.75618,1,1
,3,0.984562,0.581918,1.6658,1,1
LC3-puncta_MOConly_batch-seg_3Jun21_012b_000_Control-A_NSW3012_488-LC3_594-LAMP1_basal_60X_006_crop.nd2,1,0.995709,0.495085,2.00256,1,1
,1,0.99881,0.257412,3.87558,1,1
,1,0.92919,0.290569,2.97139,1,1
,1,0.965297,0.67258,1.38541,1,1
,1,0.982399,0.619459,1.55799,1,1
,1,0.971163,0.417092,2.26127,1,1
,1,0.995778,0.29735,3.3347,1,1
,1,0.999025,0.19258,5.18251,1,1
,1,0.993423,0.223229,4.42098,1,1
,1,0.982798,0.209121,4.61881,1,1
,2,0.984819,0.322405,3.00822,1,1
,2,0.924211,0.20496,4.16747,1,1
,2,0.986448,0.187373,5.19328,1,1
,2,0.988357,0.347963,2.80734,1,1
,2,0.990267,0.793416,1.23596,1,1
,2,0.992653,1.04642,0.941651,1,1
,2,0.878378,0.271252,2.84439,1,1
,2,0.986066,0.138937,6.99834,1,1
,2,0.990339,0.239632,4.09282,1,1
,2,0.981463,0.450584,2.13782,1,1
LC3-puncta_MOConly_batch-seg_3Jun21_012b_000_Control-A_NSW3012_488-LC3_594-LAMP1_basal_60X_008_crop.nd2,1,0.992835,0.207508,4.75029,1,1
,1,0.976395,0.215111,4.43189,1,1
,1,0.994619,0.652866,1.51527,1,1
,1,0.99116,0.243052,4.04192,1,1
,1,0.999738,0.257073,3.88791,1,1
,1,0.989289,0.158593,6.17109,1,1
,1,1,0.156379,6.39474,1,1
,2,0.997169,0.15039,6.61177,1,1
,2,0.994923,0.153064,6.46706,1,1
,2,0.996893,1.37744,0.721482,1,1
,2,0.999065,0.207286,4.81523,1,1
,2,1,0.18136,5.51389,1,1
LC3-puncta_MOConly_batch-seg_3Jun21_012b_000_Control-A_NSW3012_488-LC3_594-LAMP1_basal_60X_009.nd2,1,0.998947,0.167614,5.95354,1,1
,1,0.983359,0.232392,4.16106,1,1
,1,0.974273,0.57235,1.65844,1,1
,1,0.98562,0.850638,1.14202,1,1
,1,0.947827,0.919931,0.97657,1,1
,1,0.998464,0.850307,1.17244,1,1
,1,0.992934,0.933162,1.05653,1,1
,1,0.996842,1.03574,0.959401,1,1
,1,0.977435,0.74016,1.29077,1,1
,2,0.998593,0.168673,5.91196,1,1
,2,0.983057,1.07192,0.901557,1,1
,2,0.989048,0.489086,2.00009,1,1
,2,0.997799,1.51869,0.655567,1,1
,2,0.949816,0.531746,1.69658,1,1
,2,0.992808,1.10202,0.89442,1,1
,2,0.975962,1.41206,0.674546,1,1
,2,0.999272,0.983716,1.01507,1,1
,2,0.993542,0.811727,1.21608,1,1
,2,0.994768,0.540584,1.83054,1,1
,2,0.98609,0.329833,2.94808,1,1
,2,0.837034,0.372857,1.87907,1,1
,2,1,1.01418,0.986014,1,1
,2,0.977861,0.558779,1.71125,1,1
,2,0.994106,0.179832,5.4954,1,1
LC3-puncta_MOConly_batch-seg_3Jun21_012b_000_Control-A_NSW3012_488-LC3_594-LAMP1_basal_60X_010.nd2,1,0.995706,1.05155,0.942827,1,1
,1,0.998341,0.961213,1.0369,1,1
,1,0.987984,1.19105,0.81954,1,1
,1,0.99762,0.157463,6.32049,1,1
,1,0.991805,0.157278,6.25439,1,1
,2,0.997382,0.312767,3.18055,1,1
,2,1,0.79661,1.25532,1,1
,2,0.99998,0.189639,5.27296,1,1
,2,0.978227,0.290995,3.28847,1,1
LC3-puncta_MOConly_batch-seg_3Jun21_012b_000_Control-A_NSW3012_488-LC3_594-LAMP1_basal_60X_011.nd2,1,0.976354,0.58867,1.61936,1,1
,1,0.976061,0.515971,1.84641,1,1
,1,1,0.675526,1.48033,1,1
,1,0.946959,0.233494,3.84049,1,1
,1,1,0.217893,4.5894,1,1
,1,0.999272,0.13185,7.57335,1,1
,1,0.967281,0.523091,1.78866,1,1
,1,0.987057,0.237464,4.10286,1,1
,1,0.981152,0.209012,4.60576,1,1
,1,0.943634,0.226626,3.92914,1,1
,1,0.984464,0.169236,5.72673,1,1
,1,0.981678,0.254699,3.78365,1,1
,1,0.992347,0.339683,2.89904,1,1
,1,0.980512,0.160043,6.00715,1,1
,2,0.9775,0.130508,7.32144,1,1
,2,0.989824,0.304754,3.21489,1,1
,2,0.993958,0.218206,4.52761,1,1
,2,0.951468,0.490086,1.84721,1,1
,2,0.921165,0.531635,1.5961,1,1
,2,0.985872,0.323241,3.00687,1,1
,2,0.992229,0.341291,2.88469,1,1
,2,0.992706,0.333318,2.95653,1,1
,2,0.973012,0.34845,2.71704,1,1
,2,0.998147,0.241332,4.12833,1,1
,2,0.970543,0.927556,1.01552,1,1
,2,0.992706,0.210686,4.6774,1,1
,2,0.981825,0.419101,2.30011,1,1
,2,0.998355,0.188539,5.2865,1,1
,2,0.992442,0.186262,5.28795,1,1
,2,0.970551,0.124814,7.54699,1,1
LC3-puncta_MOConly_batch-seg_3Jun21_012b_000_Control-A_NSW3012_488-LC3_594-LAMP1_basal_60X_012_crop.nd2,1,0.986593,0.133946,7.26684,1,1
,1,0.980881,0.164523,5.84798,1,1
,1,0.9899,0.166354,5.89048,1,1
,1,0.997138,0.177213,5.61066,1,1
,1,0.989298,0.143466,6.82191,1,1
,1,0.99614,0.190081,5.22037,1,1
,1,1,0.172857,5.78512,1,1
,1,0.987851,0.159258,6.1275,1,1
,1,0.993363,0.147142,6.70624,1,1
,1,0.993972,0.329346,2.99982,1,1
,1,0.99737,0.149859,6.63789,1,1
,1,0.988932,0.350961,2.7866,1,1
,1,0.995792,0.182088,5.44574,1,1
,1,0.974923,0.402445,2.36175,1,1
,1,0.99505,0.256908,3.854,1,1
,1,0.954999,0.353364,2.58097,1,1
,1,0.97141,0.270958,3.4826,1,1
,1,0.955932,0.272893,3.34858,1,1
,1,0.981683,0.225686,4.27009,1,1
,1,0.961812,0.217864,4.24613,1,1
,1,0.983773,0.15699,6.16478,1,1
,1,0.98456,0.335139,2.89241,1,1
,1,0.974965,0.192233,4.94483,1,1
,1,1,0.422446,2.36716,1,1
,1,0.965264,0.222808,4.18178,1,1
,1,0.994397,0.360801,2.74064,1,1
,1,1,0.252674,3.95767,1,1
,1,0.963843,0.197795,4.69675,1,1
,1,0.97959,0.188016,5.10381,1,1
,1,0.996693,0.31684,3.13533,1,1
,1,0.994025,0.153409,6.44087,1,1
,1,0.99493,0.332973,2.97287,1,1
,1,0.996974,0.189964,5.23235,1,1
,1,0.998529,0.140723,7.08527,1,1
,1,0.990274,0.129517,7.57155,1,1
,1,1,0.164921,6.06349,1,1
,2,0.979658,0.118095,8.12676,1,1
,2,0.994291,0.149175,6.62721,1,1
,2,0.983561,0.170907,5.66034,1,1
,2,0.854525,0.0384548,18.9889,1,1
,2,0.868518,0.0669169,11.2725,1,1
LC3-puncta_MOConly_batch-seg_3Jun21_012b_000_Control-A_NSW3012_488-LC3_594-LAMP1_basal_60X_013_crop.nd2,1,0.989329,0.806121,1.21417,1,1
,1,0.987188,0.142088,6.85871,1,1
,1,0.999861,0.21908,4.56327,1,1
,1,0.976356,0.188658,5.05291,1,1
,1,0.995798,0.1675,5.92006,1,1
,1,0.987724,0.294346,3.31446,1,1
,1,0.950776,0.233948,3.864,1,1
,1,0.973518,0.570019,1.66264,1,1
,1,0.985548,0.198132,4.90232,1,1
,1,0.985183,0.199429,4.86683,1,1
,1,0.984156,0.699956,1.38375,1,1
,1,0.982426,0.118462,8.14744,1,1
,2,0.977734,0.124917,7.65278,1,1
,2,0.98359,0.412949,2.34278,1,1
,2,0.987493,0.185546,5.25552,1,1
,2,0.997659,0.237927,4.18331,1,1
,2,0.991031,0.18361,5.34906,1,1
,2,0.988279,0.361591,2.7011,1,1
,2,0.9776,0.144037,6.63513,1,1
,3,0.997933,0.417105,2.38758,1,1
,3,0.991663,0.881974,1.11499,1,1
,3,0.996282,0.518442,1.91454,1,1
,3,0.984477,1.41859,0.683211,1,1
,3,0.96292,0.240119,3.86148,1,1
,3,0.995772,0.14746,6.72425,1,1
,3,0.989746,0.31796,3.08088,1,1
,4,1,0.134347,7.4434,1,1
,4,0.99058,0.252495,3.8862,1,1
,4,0.993372,0.192816,5.11778,1,1
,4,0.921395,0.153319,5.53728,1,1
,4,0.978875,0.483283,1.98268,1,1
,4,0.966829,0.394193,2.37132,1,1
,4,0.977876,0.226081,4.22964,1,1
,4,1,0.779817,1.28235,1,1
,4,0.984201,0.135132,7.16821,1,1
,4,0.960539,0.602209,1.53209,1,1
,4,0.969435,0.16358,5.74523,1,1
,4,0.98501,0.368036,2.63628,1,1
,4,0.890941,0.172168,4.61049,1,1
,4,0.97619,0.170331,5.59467,1,1
LC3-puncta_MOConly_batch-seg_3Jun21_012b_000_Control-A_NSW3012_488-LC3_594-LAMP1_basal_60X_014_crop.nd2,1,0.994739,0.343479,2.88083,1,1
,1,0.967643,0.347067,2.69785,1,1
,1,0.98765,0.520408,1.8744,1,1
,1,0.978882,0.531825,1.80174,1,1
,1,0.974802,0.385073,2.46769,1,1
,1,0.987867,0.395098,2.46997,1,1
,1,0.947336,0.50106,1.79109,1,1
,1,0.993854,0.246218,4.01168,1,1
,1,0.98108,0.484894,1.985,1,1
,1,0.977955,0.193189,4.95058,1,1
,2,0.98675,0.228416,4.26272,1,1
,2,0.997437,0.246039,4.04359,1,1
,2,0.988491,0.875656,1.11587,1,1
,2,0.986164,0.298687,3.25598,1,1
,2,0.974119,0.212523,4.46495,1,1
,2,0.948871,0.240198,3.74839,1,1
,2,0.995909,0.29301,3.38498,1,1
,2,0.996316,0.976603,1.01643,1,1
,2,0.986868,0.699015,1.39326,1,1
,2,0.987071,0.298889,3.25977,1,1
,3,0.990699,0.159511,6.15309,1,1
,3,0.991046,0.168324,5.83499,1,1
,3,0.998148,0.164181,6.0683,1,1
,3,0.99128,0.209651,4.68702,1,1
,3,0.998802,0.157815,6.32134,1,1
,3,0.94363,0.166454,5.34946,1,1
,3,0.993775,0.291659,3.3861,1,1
,3,0.973139,0.453333,2.08897,1,1
,3,0.989079,0.84865,1.15274,1,1
LC3-puncta_MOConly_batch-seg_3Jun21_012b_000_Control-A_NSW3012_488-LC3_594-LAMP1_basal_60X_017.nd2,1,0.951983,0.0885915,10.2298,1,1
,1,0.992262,0.148567,6.62719,1,1
,1,1,0.157895,6.33333,1,1
,1,0.995444,0.447803,2.21282,1,1
,1,0.954778,0.274834,3.31692,1,1
,1,0.985875,0.290526,3.34548,1,1
,1,0.979823,0.266039,3.6087,1,1
,1,0.996934,0.222115,4.47461,1,1
,1,0.99942,0.272353,3.66746,1,1
,1,0.966211,0.147151,6.34427,1,1
,2,0.994103,0.191129,5.17053,1,1
,2,0.979714,0.361659,2.65399,1,1
,2,0.963843,0.343475,2.7047,1,1
,2,0.995783,0.21512,4.60946,1,1
,2,0.996042,0.227354,4.36367,1,1
,2,1,0.172152,5.80882,1,1
,2,0.994504,0.273862,3.61145,1,1
,2,0.994139,0.704333,1.40319,1,1
,2,0.970208,0.246776,3.8144,1,1
,2,0.966329,0.12851,7.2663,1,1
,3,0.990525,0.439813,2.23081,1,1
,3,0.973171,0.520672,1.81892,1,1
,3,0.97914,0.110383,8.68536,1,1
,3,1,0.232349,4.30387,1,1
,4,1,0.414402,2.41311,1,1
,4,0.991033,0.354629,2.76951,1,1
,4,0.998293,0.496759,2.00618,1,1
,4,1,1.31572,0.760037,1,1
,4,0.971385,0.200034,4.71715,1,1
,4,0.989458,0.29594,3.30819,1,1
,4,0.987812,0.64498,1.51287,1,1
,4,0.97734,0.513615,1.85975,1,1
,4,0.976094,0.282686,3.37038,1,1
,4,0.993375,0.166886,5.91297,1,1
LC3-puncta_MOConly_batch-seg_3Jun21_012b_000_tepsin-A_NSW3012_488-LC3_594-LAMP1_basal_60X_002_crop.nd2,1,0.986445,0.179021,5.43552,1,1
,1,0.997088,0.237748,4.18167,1,1
,1,0.989741,0.32655,2.99981,1,1
,1,0.986238,0.332738,2.92321,1,1
,1,1,0.174233,5.73944,1,1
,1,0.96718,0.538979,1.73557,1,1
,1,0.869804,0.087767,8.62007,1,1
,1,0.992173,0.363307,2.70958,1,1
,1,0.974533,0.232573,4.08352,1,1
,1,0.895202,0.335376,2.38952,1,1
,2,0.993199,0.257697,3.82792,1,1
,2,0.998541,0.219514,4.54223,1,1
,2,1,0.164862,6.06569,1,1
,2,1,0.198413,5.04,1,1
,2,0.998934,0.161608,6.17462,1,1
,2,0.987942,0.315525,3.09335,1,1
,2,0.997865,0.205473,4.84606,1,1
,2,0.989565,0.216105,4.53131,1,1
,2,0.973813,0.401824,2.36002,1,1
,2,0.99204,0.149174,6.59729,1,1
,2,0.978701,0.271448,3.52869,1,1
,2,0.952285,0.636014,1.42583,1,1
,2,0.998129,0.566631,1.75822,1,1
,2,0.973183,0.592476,1.59852,1,1
,2,0.986035,0.161648,6.01471,1,1
,2,0.990244,0.169182,5.79602,1,1
,2,0.98742,0.188104,5.1833,1,1
,2,0.97123,0.146429,6.44195,1,1
,2,0.98696,0.298198,3.26658,1,1
,2,0.978529,0.561791,1.70441,1,1
,2,1,0.207331,4.8232,1,1
,2,0.988046,0.181978,5.36457,1,1
,2,0.993442,0.341519,2.88981,1,1
,2,0.998952,0.190712,5.23251,1,1
,2,0.992851,0.198677,4.96157,1,1
LC3-puncta_MOConly_batch-seg_3Jun21_012b_000_tepsin-A_NSW3012_488-LC3_594-LAMP1_basal_60X_003.nd2,1,0.99129,0.308685,3.18336,1,1
,1,0.996485,0.36605,2.71269,1,1
,2,0.97644,0.539908,1.76592,1,1
,2,0.982828,0.22044,4.38193,1,1
,2,0.992978,0.155039,6.35973,1,1
LC3-puncta_MOConly_batch-seg_3Jun21_012b_000_tepsin-A_NSW3012_488-LC3_594-LAMP1_basal_60X_005.nd2,1,0.99164,0.144236,6.81764,1,1
,1,0.987995,0.154003,6.3384,1,1
,1,0.991878,0.13068,7.5285,1,1
,1,0.994055,0.130276,7.58503,1,1
,1,0.991956,0.179688,5.47602,1,1
,1,0.979303,0.58756,1.63223,1,1
,1,0.999633,0.24113,4.1441,1,1
,1,0.98711,0.174651,5.57906,1,1
,1,0.999677,0.269516,3.70797,1,1
,1,0.993967,0.153073,6.45423,1,1
,1,0.989562,0.318876,3.07089,1,1
,1,0.989911,0.87784,1.11629,1,1
,1,0.985132,0.484849,2.00162,1,1
,1,0.973046,0.487229,1.94327,1,1
,1,0.988028,0.36986,2.63938,1,1
,1,0.965711,0.60268,1.54742,1,1
,1,1,0.166667,6,1,1
,1,0.967633,0.130795,7.15863,1,1
,1,0.992209,0.165506,5.94828,1,1
,1,0.987215,0.128908,7.56038,1,1
,1,0.969113,0.106334,8.83239,1,1
,1,0.994261,0.150496,6.56866,1,1
,2,0.996727,0.206457,4.81197,1,1
,2,0.991819,0.136377,7.21312,1,1
,2,0.842014,0.129272,5.48448,1,1
,2,0.980011,0.710969,1.35086,1,1
,2,0.997274,0.17645,5.63648,1,1
,2,0.990528,0.166775,5.88307,1,1
,2,0.984531,0.13162,7.36441,1,1
,2,0.97622,0.193918,4.91448,1,1
,2,0.971167,0.269553,3.499,1,1
LC3-puncta_MOConly_batch-seg_3Jun21_012b_000_tepsin-A_NSW3012_488-LC3_594-LAMP1_basal_60X_006.nd2,2,0.961391,0.114841,8.04825,1,1
,2,0.978486,1.20525,0.794385,1,1
,2,0.984982,0.932249,1.0407,1,1
,2,0.991051,0.299515,3.27924,1,1
,2,0.954636,0.642604,1.41818,1,1
,2,0.977597,0.29963,3.18958,1,1
,2,0.98374,0.900647,1.0745,1,1
,2,0.976017,1.02184,0.932252,1,1
,2,0.967068,0.706755,1.32326,1,1
,2,0.953725,0.476697,1.90811,1,1
,2,0.988898,0.431389,2.26691,1,1
LC3-puncta_MOConly_batch-seg_3Jun21_012b_000_tepsin-A_NSW3012_488-LC3_594-LAMP1_basal_60X_007.nd2,1,0.968818,0.403834,2.32424,1,1
,1,0.974516,0.274872,3.455,1,1
,1,1,0.729814,1.37021,1,1
,2,0.972732,0.35317,2.67919,1,1
,2,0.998842,0.293342,3.4011,1,1
,2,0.984669,0.499981,1.93922,1,1
,2,0.995224,0.421331,2.35081,1,1
,2,0.988566,0.247253,3.95248,1,1
,2,0.988148,0.332447,2.93712,1,1
,2,0.982633,0.642173,1.50359,1,1
,3,0.98874,0.239631,4.07962,1,1
,3,0.995641,0.180516,5.49149,1,1
,3,0.986828,0.908474,1.07194,1,1
,3,0.998968,0.386088,2.58474,1,1
,3,0.989339,0.693117,1.41216,1,1
,3,0.986218,1.11696,0.870781,1,1
,3,1,1.03333,0.967742,1,1
,3,0.986882,0.342569,2.84304,1,1
,3,0.992724,0.212371,4.64047,1,1
,3,0.997692,0.248698,4.0024,1,1
,3,0.998988,0.371874,2.68364,1,1
,3,1,0.17067,5.85926,1,1
,3,0.960623,0.366392,2.5186,1,1
,3,0.974449,1.24358,0.763561,1,1
,3,0.975418,0.329401,2.8884,1,1
,3,0.995666,0.18232,5.43744,1,1
,3,0.989665,0.292696,3.34626,1,1
,3,1,0.274105,3.64824,1,1
,3,0.975759,0.309084,3.08042,1,1
,3,0.985542,0.878719,1.10535,1,1
,3,0.996862,0.365156,2.7214,1,1
,3,0.985715,0.788512,1.23224,1,1
,3,0.99546,0.280806,3.52891,1,1
,3,0.999915,0.208134,4.80378,1,1
,3,0.989026,0.236004,4.14473,1,1
,3,0.994678,0.185081,5.34567,1,1
,4,0.991438,0.152196,6.45845,1,1
,4,0.931919,0.27712,3.13392,1,1
,4,0.99629,0.743806,1.33448,1,1
,4,0.990716,0.371466,2.64229,1,1
,4,1,0.59127,1.69128,1,1
,4,0.985167,0.726466,1.33599,1,1
,4,0.992466,1.41936,0.693965,1,1
,4,0.988697,0.534834,1.82771,1,1
,4,0.982944,0.28265,3.41828,1,1
LC3-puncta_MOConly_batch-seg_3Jun21_012b_000_tepsin-A_NSW3012_488-LC3_594-LAMP1_basal_60X_008.nd2,,,,,,
LC3-puncta_MOConly_batch-seg_3Jun21_012b_000_tepsin-A_NSW3012_488-LC3_594-LAMP1_basal_60X_012.nd2,1,0.990079,0.156168,6.27693,1,1
,1,0.970264,0.298566,3.15311,1,1
,1,0.992041,0.188755,5.21387,1,1
,1,0.986584,0.142175,6.84611,1,1
,1,0.999308,0.832011,1.20024,1,1
,1,0.981622,0.180691,5.33276,1,1
,1,0.977316,0.599807,1.59242,1,1
,1,0.976539,0.157207,6.06605,1,1
,1,0.972733,0.425074,2.22599,1,1
,1,0.991735,0.236845,4.15267,1,1
,1,0.984394,0.146424,6.618,1,1
,1,0.99415,0.165103,5.98615,1,1
,1,0.994967,0.162671,6.08566,1,1
,1,0.990763,0.755294,1.29964,1,1
,1,1,0.365566,2.73548,1,1
,1,0.998213,0.189617,5.25496,1,1
,1,0.972978,0.537688,1.76066,1,1
,1,0.999478,0.60835,1.64207,1,1
,1,0.959121,0.20345,4.52156,1,1
,1,0.99179,0.214153,4.5932,1,1
,1,0.966435,0.19103,4.88926,1,1
,1,0.991796,0.160133,6.14278,1,1
,1,0.958663,0.329517,2.78904,1,1
,1,0.997454,0.307133,3.23936,1,1
,1,0.99655,0.33889,2.93049,1,1
,1,0.995961,0.474612,2.09,1,1
,1,0.99688,0.18959,5.24168,1,1
,1,0.995242,0.636799,1.55545,1,1
,1,0.991324,0.264559,3.71457,1,1
,1,0.968765,0.314821,2.98107,1,1
,1,0.94244,0.154688,5.74183,1,1
,1,0.994588,0.182861,5.40961,1,1
,1,1,0.325069,3.07627,1,1
,1,0.855612,0.347246,2.10822,1,1
,1,0.990062,0.1553,6.31179,1,1
LC3-puncta_MOConly_batch-seg_3Jun21_012b_000_tepsin-A_NSW3012_488-LC3_594-LAMP1_basal_60X_013_crop.nd2,1,0.966697,0.367586,2.54227,1,1
,1,0.995923,0.202798,4.8909,1,1
,1,0.985412,0.229602,4.22922,1,1
,1,0.982946,0.529745,1.82387,1,1
,1,1,0.248036,4.03167,1,1
,1,0.972953,0.576636,1.64165,1,1
,2,0.902539,0.0872253,9.33877,1,1
,2,0.982926,0.328657,2.93967,1,1
,2,0.945767,0.170747,5.23861,1,1
,2,0.985694,0.419289,2.31724,1,1
,2,0.992228,0.246405,3.99552,1,1
,2,0.99232,0.370121,2.66048,1,1
,2,0.999599,0.267896,3.7298,1,1
,2,1,0.354798,2.81851,1,1
LC3-puncta_MOConly_batch-seg_3Jun21_012b_000_tepsin-A_NSW3012_488-LC3_594-LAMP1_basal_60X_014.nd2,1,0.974113,0.176091,5.38867,1,1
,1,0.999367,0.140262,7.12049,1,1
,1,0.99348,0.195616,5.04561,1,1
,1,0.996265,0.17045,5.82309,1,1
,1,0.984862,0.215857,4.4935,1,1
,1,0.978839,0.263443,3.63694,1,1
,1,0.995061,0.202544,4.88855,1,1
,1,0.992184,0.795931,1.23683,1,1
,1,1,0.310105,3.22472,1,1
,1,0.993971,0.459188,2.15158,1,1
,1,0.959278,0.175907,5.23125,1,1
,1,0.972698,0.548247,1.72576,1,1
,2,0.972608,0.251804,3.75675,1,1
,2,0.98098,0.20045,4.8008,1,1
,2,0.998436,0.346155,2.87985,1,1
,2,0.995202,0.168746,5.86935,1,1
,2,0.997168,0.318157,3.12532,1,1
,2,0.986112,0.974863,0.997491,1,1
,2,0.991456,0.945274,1.03989,1,1
,2,0.979874,0.921301,1.04217,1,1
,2,0.984315,0.780275,1.24171,1,1
,2,0.992193,0.626906,1.57033,1,1
,2,0.949408,0.724112,1.2448,1,1
,2,0.977281,0.142024,6.72479,1,1
,2,0.991764,0.32186,3.05597,1,1
,2,0.999842,0.255235,3.91672,1,1
LC3-puncta_MOConly_batch-seg_3Jun21_012b_000_tepsin-A_NSW3012_488-LC3_594-LAMP1_basal_60X_016.nd2,1,0.990924,0.155776,6.30347,1,1
,1,0.98212,0.160198,6.02103,1,1
,1,0.997476,0.215646,4.61385,1,1
,1,0.99331,0.480502,2.0534,1,1
,1,0.988179,0.251332,3.88528,1,1
,1,0.9851,0.178937,5.42325,1,1
,1,1,0.188957,5.29221,1,1
,1,0.986183,0.268548,3.62154,1,1
,1,0.9789,0.292388,3.2773,1,1
,1,0.987824,0.324327,3.00868,1,1
,1,0.980964,0.596703,1.61268,1,1
,1,0.995055,0.746786,1.32586,1,1
,1,0.998085,0.829347,1.20115,1,1
,1,0.998785,0.488642,2.04152,1,1
,1,0.922173,0.253389,3.35611,1,1
,1,0.969311,0.33114,2.83737,1,1
,1,0.994121,0.203177,4.86411,1,1
,2,0.994269,0.203873,4.84895,1,1
,2,0.99229,0.22374,4.40081,1,1
,2,0.990713,0.508552,1.93001,1,1
,2,0.9883,0.24018,4.06669,1,1
,2,0.9828,0.765775,1.26133,1,1
,2,0.994659,1.37103,0.721605,1,1
,2,0.997318,0.209253,4.7533,1,1
,2,0.973237,0.756064,1.25279,1,1
,2,0.99411,0.15222,6.4923,1,1
,2,0.998774,0.238634,4.18024,1,1
,2,0.983362,0.566664,1.70648,1,1
,2,0.981121,0.212767,4.5242,1,1
,2,0.983402,0.237659,4.06918,1,1
,2,0.989866,0.264389,3.70604,1,1
LC3-puncta_MOConly_batch-seg_3Jun21_012b_000_tepsin-A_NSW3012_488-LC3_594-LAMP1_basal_60X_017_crop.nd2,1,0.990087,1.78395,0.549495,1,1
,1,0.943524,0.431728,2.06204,1,1
,1,0.938135,0.461512,1.90699,1,1
,1,1,0.297222,3.36449,1,1
,1,0.968789,0.245965,3.8158,1,1
,1,0.993937,0.217868,4.53446,1,1
,1,1,0.32747,3.05372,1,1
,1,0.995662,0.299599,3.3089,1,1
LC3-puncta_MOConly_batch-seg_3Jun21_012b_000_tepsin-A_NSW3012_488-LC3_594-LAMP1_basal_60X_018_crop.nd2,1,0.98629,0.191249,5.0864,1,1
,1,0.978686,0.437796,2.18783,1,1
,1,0.990848,0.206862,4.74605,1,1
,2,0.996904,0.201659,4.92822,1,1
,2,0.999734,0.812271,1.23046,1,1
,2,0.966895,0.675542,1.38391,1,1
,2,0.99721,0.306811,3.24117,1,1
,2,1,0.795226,1.2575,1,1
,2,0.973763,0.521286,1.81899,1,1
,2,0.969369,0.277001,3.39232,1,1
,2,0.98321,0.21487,4.49901,1,1
,2,0.975358,0.262293,3.62695,1,1
,2,0.989752,0.251498,3.8951,1,1
,3,0.991018,0.27013,3.63572,1,1
,3,1,0.692102,1.44487,1,1
,3,0.994878,0.365995,2.70436,1,1
,3,0.988742,0.166603,5.8679,1,1
,3,0.937441,0.150261,5.84848,1,1
,3,0.963554,0.305969,3.03442,1,1
,3,0.975766,0.170005,5.60052,1,1
,3,0.988034,0.180177,5.41808,1,1
,3,0.987109,0.22721,4.28847,1,1
,3,1,0.241245,4.14516,1,1
,3,0.984462,0.285125,3.39909,1,1
,3,0.968102,0.420971,2.22633,1,1
,3,0.989886,0.434262,2.25641,1,1
,3,0.989201,0.522292,1.87351,1,1
,3,0.974618,0.16794,5.65607,1,1
,3,1,0.571262,1.75051,1,1
,3,0.963979,1.38942,0.668809,1,1
,3,0.996648,0.205922,4.8237,1,1
,3,0.956978,0.311462,2.94035,1,1
,3,0.937365,0.129183,6.80159,1,1
,3,0.933626,0.250768,3.47595,1,1
,3,0.983131,0.475907,2.03096,1,1
,3,0.958387,0.530993,1.72979,1,1
,3,0.910525,0.183315,4.52258,1,1
,3,0.980107,0.234583,4.09496,1,1
,3,0.982617,0.23391,4.12782,1,1
,3,0.985569,0.378095,2.56905,1,1
,3,0.936731,0.262195,3.34661,1,1
,3,0.986097,0.711404,1.36685,1,1
,3,0.938138,0.268877,3.27326,1,1
,3,0.982963,0.790285,1.22262,1,1
,3,0.992055,0.242326,4.06135,1,1
,3,0.982588,0.165703,5.82657,1,1
,3,0.999952,0.339833,2.94234,1,1
,3,0.979349,0.615177,1.5591,1,1
,3,0.960917,0.271262,3.40395,1,1
,3,0.989946,0.29246,3.35086,1,1
,3,0.990371,0.15661,6.2629,1,1
,3,0.997437,0.25485,3.90378,1,1
,3,0.993287,0.163827,6.02231,1,1
,3,0.997416,0.233211,4.26584,1,1
,3,0.938269,0.0963687,9.13521,1,1
,3,0.933821,0.104994,8.30546,1,1
LC3-puncta_MOConly_batch-seg_3Jun21_012b_000_tepsin-A_NSW3012_488-LC3_594-LAMP1_basal_60X_019_crop.nd2,1,0.974619,0.277721,3.42028,1,1
,1,0.97881,0.403231,2.37598,1,1
,1,0.994461,0.894866,1.10514,1,1
,1,0.997151,0.372945,2.66611,1,1
,1,0.955433,0.627521,1.4547,1,1
,1,0.980601,0.201778,4.76552,1,1
,1,0.976617,0.525068,1.81649,1,1
,1,0.942818,0.451809,1.96744,1,1
,1,0.968597,0.498789,1.88091,1,1
,1,1,0.949942,1.0527,1,1
,1,0.963833,0.383404,2.42296,1,1
,1,0.99216,0.464723,2.11821,1,1
,1,0.965786,0.293237,3.18085,1,1
,1,0.986451,0.78626,1.23761,1,1
,1,0.9986,0.175977,5.66667,1,1
,1,0.999481,0.136465,7.32029,1,1
,1,0.990402,0.185177,5.29707,1,1
,1,0.995082,0.124767,7.93629,1,1
,1,0.989852,0.168561,5.81279,1,1
,2,0.940321,0.181274,4.87771,1,1
,2,1,0.32125,3.11284,1,1
,2,0.871877,0.261524,2.90668,1,1
,2,0.991381,0.374065,2.62745,1,1
,3,0.989543,0.709657,1.37982,1,1
,3,0.930939,0.332063,2.60989,1,1
,3,0.985578,0.410905,2.36396,1,1
,3,0.985982,0.477758,2.03484,1,1
,3,0.993173,0.163782,6.0226,1,1
,3,0.998746,1.05334,0.946983,1,1
,3,0.981083,0.725947,1.32589,1,1
LC3-puncta_MOConly_batch-seg_3Jun21_012b_000_tepsin-A_NSW3012_488-LC3_594-LAMP1_basal_60X_022.nd2,1,0.991042,0.301649,3.25599,1,1
,1,0.983323,0.239992,4.02899,1,1
,1,0.956322,0.187841,4.86877,1,1
,1,0.989515,0.1873,5.22766,1,1
,1,0.993787,0.202957,4.86611,1,1
,1,0.983386,0.200465,4.82403,1,1
,1,0.97181,0.207671,4.54765,1,1
,1,0.961059,0.277944,3.3231,1,1
,1,0.972621,0.254979,3.71008,1,1
,1,0.976965,0.221892,4.30147,1,1
,1,0.979909,1.13718,0.844388,1,1
,1,0.950213,0.172757,5.22644,1,1
,1,0.940562,0.219525,4.02988,1,1
,1,0.979468,0.279978,3.42655,1,1
,1,0.996026,0.30067,3.29952,1,1
,1,0.998972,0.338817,2.94538,1,1
,1,0.981546,0.163461,5.89398,1,1
,1,0.919341,0.193763,4.36197,1,1
,1,0.978234,0.255028,3.7523,1,1
,1,0.964163,0.357996,2.59671,1,1
,1,0.975732,0.571868,1.66481,1,1
,1,0.970825,0.277809,3.39263,1,1
,1,0.943443,0.161328,5.51722,1,1
,1,0.968822,0.231006,4.06316,1,1
,1,0.849584,0.382809,1.88552,1,1
,1,0.897584,0.479486,1.68025,1,1
,1,0.752678,0.404496,1.40057,1,1
,1,0.960834,0.506162,1.82392,1,1
,1,0.980818,0.274923,3.49918,1,1
,1,0.963959,0.470059,1.97681,1,1
,1,0.961368,0.767224,1.20464,1,1
,1,0.920793,0.230444,3.67924,1,1
,1,0.986593,0.570404,1.70645,1,1
,1,0.980941,0.25964,3.70607,1,1
,1,0.963112,0.588795,1.5754,1,1
,1,0.911417,0.114058,7.28294,1,1
,1,0.951092,0.42667,2.12008,1,1
,1,0.994977,0.47117,2.10111,1,1
,1,0.908367,0.357448,2.30839,1,1
,1,0.907326,0.277082,2.9711,1,1
,1,0.925628,0.549074,1.56042,1,1
,1,0.985022,0.413964,2.34384,1,1
,1,0.99444,0.74374,1.32965,1,1
,1,0.992066,0.682887,1.44123,1,1
,1,0.907932,0.310007,2.6591,1,1
,1,0.954837,0.642226,1.41961,1,1
,1,0.967112,0.294002,3.18129,1,1
,1,0.936264,0.368816,2.37677,1,1
,1,0.993785,0.503046,1.96326,1,1
,1,0.993869,0.510057,1.9366,1,1
,1,0.95991,0.301706,3.05406,1,1
,1,1,0.287753,3.47521,1,1
,1,0.953321,0.386724,2.35005,1,1
,1,0.93471,0.339448,2.57384,1,1
,1,0.98,0.199678,4.80975,1,1
,1,0.999971,0.438595,2.27987,1,1
,1,0.998474,0.39018,2.5551,1,1
,1,0.970084,0.178794,5.2634,1,1
,1,0.963888,0.166611,5.57633,1,1
,1,0.975788,0.171077,5.56571,1,1
,1,0.994448,0.187674,5.2694,1,1
,1,0.986134,0.190537,5.10379,1,1
,1,0.937547,0.184375,4.76743,1,1
,1,0.956989,0.127447,7.18594,1,1
,1,0.900666,0.12101,6.7036,1,1
,1,0.993351,0.184231,5.35604,1,1
,1,0.978849,0.191185,5.01162,1,1
,1,0.987774,0.218011,4.47545,1,1
,1,0.990554,0.233305,4.20565,1,1
,1,0.976561,0.260462,3.66146,1,1
,1,0.993586,0.185574,5.31979,1,1
,1,1,0.255848,3.90857,1,1
,1,0.97396,0.154747,6.12998,1,1
,1,0.931555,0.167618,5.17721,1,1
,1,0.977574,0.142094,6.72548,1,1
,1,0.994241,0.204164,4.84176,1,1
,1,0.940123,0.297548,2.97038,1,1
,1,0.953147,0.166416,5.45914,1,1
,1,0.979601,0.189057,5.07582,1,1
,1,0.982715,0.174062,5.5482,1,1
,1,0.967363,0.151757,6.16639,1,1
,1,0.99661,0.183578,5.41039,1,1
,1,0.963493,0.448511,2.06978,1,1
,1,0.984368,0.243207,3.98419,1,1
,1,0.932992,0.140138,6.21155,1,1
,1,0.982721,0.353102,2.73502,1,1
,2,0.984547,0.222585,4.35488,1,1
,2,0.99648,0.231862,4.2826,1,1
,2,0.982757,0.123681,7.80887,1,1
,2,0.988532,0.214422,4.55735,1,1
,2,0.98228,0.741491,1.30126,1,1
,2,0.997254,0.749895,1.32621,1,1
,2,0.994766,0.284528,3.4779,1,1
,2,0.991714,0.18911,5.20065,1,1
,2,0.978294,0.197269,4.85156,1,1
,2,0.984187,0.342977,2.82417,1,1
,2,0.992439,0.190323,5.17507,1,1
,2,0.985623,0.424928,2.28616,1,1
,3,0.985159,0.149192,6.50531,1,1
,3,0.990135,0.190773,5.13892,1,1
,3,0.990615,0.207479,4.72972,1,1
,3,0.980655,0.147941,6.50045,1,1
,3,0.985382,0.232402,4.178,1,1
,3,0.960114,0.128632,7.16634,1,1
,3,0.985479,0.274963,3.532,1,1
,3,0.995891,0.18705,5.30232,1,1
,3,0.947553,0.455229,1.97232,1,1
,3,0.940918,0.414416,2.13632,1,1
,3,0.999961,0.260321,3.84111,1,1
,3,0.982563,0.326731,2.95482,1,1
,3,0.998788,0.415371,2.40165,1,1
,3,0.996988,0.258075,3.85153,1,1
,3,0.986034,0.463373,2.09823,1,1
,3,0.994676,0.49133,2.01368,1,1
,3,0.989575,0.378833,2.58493,1,1
,3,0.956523,0.448766,2.03878,1,1
,3,0.996382,0.191225,5.19168,1,1
,3,0.992283,0.312345,3.15237,1,1
,3,0.996904,0.302976,3.28019,1,1
,3,0.960694,0.358029,2.57782,1,1
,3,1,0.465812,2.14679,1,1
,3,0.991331,0.538524,1.82487,1,1
,3,0.981364,0.70342,1.36913,1,1
,3,0.993059,0.624538,1.57904,1,1
,3,0.99096,0.370857,2.64792,1,1
,3,0.990036,0.480781,2.03871,1,1
,3,0.988468,0.270852,3.60739,1,1
,3,0.961084,0.312822,2.95274,1,1
,3,0.979416,0.240931,3.98145,1,1
,3,1,0.517007,1.93421,1,1
,3,0.993096,0.25464,3.87307,1,1
,3,0.943961,0.372929,2.38936,1,1
,3,0.996188,0.690522,1.43716,1,1
LC3-puncta_MOConly_batch-seg_3Jun21_012b_000_tepsin-A_NSW3012_488-LC3_594-LAMP1_basal_60X_023.nd2,1,0.949611,0.522734,1.72509,1,1
,1,0.978667,0.372918,2.56836,1,1
,1,0.921005,0.721785,1.17521,1,1
,1,0.980474,0.53571,1.7945,1,1
,1,0.99098,1.02342,0.95957,1,1
,1,0.975676,0.291363,3.26721,1,1
,2,0.990821,0.277552,3.53709,1,1
,2,0.993576,0.217164,4.54585,1,1
,2,0.961132,0.514635,1.79501,1,1
,2,0.990717,0.879376,1.11616,1,1
,2,0.982463,0.478918,2.01545,1,1
,2,1,0.642424,1.5566,1,1
,2,0.952407,0.306959,2.95505,1,1
,2,0.996587,0.290912,3.41404,1,1
,2,1,0.199011,5.02484,1,1
,2,0.987573,0.185181,5.26674,1,1
,2,0.992767,0.77376,1.27376,1,1
,2,1,0.304654,3.28241,1,1
,2,0.997046,0.170739,5.82235,1,1
,2,0.996859,0.189555,5.24243,1,1
LC3-puncta_MOConly_batch-seg_3Jun21_012b_000_tepsin-A_NSW3012_488-LC3_594-LAMP1_basal_60X_024.nd2,1,0.986089,0.23695,4.10371,1,1
,1,0.980143,0.280683,3.42265,1,1
,1,0.992487,0.183345,5.37255,1,1
,1,0.981866,0.294914,3.26896,1,1
,1,0.982299,0.205463,4.69628,1,1
,1,0.976082,0.263128,3.62081,1,1
,1,0.99082,0.542186,1.81068,1,1
,1,0.973788,0.244866,3.87258,1,1
,1,0.993997,0.189624,5.21047,1,1
,1,0.933392,0.110867,7.85826,1,1
,1,0.927724,0.114163,7.53895,1,1
,1,0.980535,0.300093,3.20384,1,1
,1,0.994965,0.206248,4.79983,1,1
,1,0.966868,0.353267,2.64625,1,1
,1,0.9928,0.411743,2.39385,1,1
,1,0.980116,0.773259,1.24231,1,1
,1,0.99426,0.844857,1.17008,1,1
,1,0.998654,0.248804,4.00842,1,1
,1,0.994192,0.715956,1.38056,1,1
,1,0.980265,0.200858,4.78408,1,1
,1,0.943035,0.185536,4.79323,1,1
,1,0.99547,0.308307,3.21421,1,1
,1,0.980041,0.162026,5.92794,1,1
,1,0.978871,0.332879,2.87849,1,1
,1,0.987801,0.382503,2.55097,1,1
,1,0.967853,0.5806,1.6134,1,1
,1,0.998059,0.732068,1.3607,1,1
,1,1,0.472611,2.1159,1,1
,1,0.982179,0.828358,1.16456,1,1
,1,0.982375,0.403237,2.39329,1,1
,1,0.968429,0.397128,2.36159,1,1
,1,0.987298,0.279183,3.49146,1,1
,1,0.996766,0.485952,2.04453,1,1
,1,0.985541,0.701026,1.38553,1,1
,1,0.970283,0.513305,1.83409,1,1
,1,0.997356,0.234445,4.24288,1,1
,1,0.985812,0.165728,5.86398,1,1
,1,0.992902,0.234246,4.20862,1,1
,1,0.999052,0.291265,3.4268,1,1
,1,0.993981,0.258825,3.81725,1,1
,1,0.990528,0.800788,1.22523,1,1
,1,1,0.398592,2.50883,1,1
,1,1,0.239716,4.1716,1,1
LC3-puncta_MOConly_batch-seg_3Jun21_012b_000_WT-A_NSW3012_488-LC3_594-LAMP1_basal_60X_002_crop.nd2,1,0.99584,0.199551,4.96964,1,1
,1,0.991812,0.183713,5.35449,1,1
,1,0.981612,0.295714,3.25842,1,1
,1,0.998818,0.236569,4.21711,1,1
,1,0.992385,0.315629,3.12021,1,1
,1,0.993006,0.805773,1.22375,1,1
,1,1,0.323346,3.09266,1,1
,1,0.986617,0.481632,2.02107,1,1
,1,0.994335,0.190301,5.19546,1,1
,1,0.995543,0.170829,5.80176,1,1
,1,0.995844,0.237046,4.1836,1,1
,1,0.998466,0.150953,6.60429,1,1
,1,0.991178,0.152049,6.4613,1,1
,1,0.99969,0.145804,6.85428,1,1
,1,1,0.178886,5.59016,1,1
,2,0.984896,0.171521,5.6554,1,1
,2,0.987747,0.129378,7.54102,1,1
,2,0.987858,0.194922,5.00642,1,1
,2,0.995082,0.1389,7.12878,1,1
,2,0.993214,0.139108,7.09144,1,1
,2,0.990867,0.159859,6.14176,1,1
LC3-puncta_MOConly_batch-seg_3Jun21_012b_000_WT-A_NSW3012_488-LC3_594-LAMP1_basal_60X_003.nd2,1,0.996158,0.143602,6.91027,1,1
,1,1,0.228498,4.3764,1,1
,1,0.996193,0.280101,3.54301,1,1
,1,0.98538,0.149179,6.50878,1,1
,1,0.982864,0.204312,4.72818,1,1
,1,0.963768,0.534467,1.7379,1,1
,1,0.9965,0.253979,3.90982,1,1
,1,1,0.213333,4.6875,1,1
,1,1,0.277567,3.60274,1,1
,1,0.989173,0.303659,3.22225,1,1
,1,0.978521,0.16278,5.88219,1,1
,2,0.99063,0.161442,6.07865,1,1
,2,0.979354,0.221629,4.32766,1,1
,2,1,0.156055,6.408,1,1
,2,0.995867,0.189052,5.24592,1,1
,2,0.972264,0.590687,1.60034,1,1
,2,0.999998,1.05732,0.945786,1,1
,2,0.975907,0.485433,1.96195,1,1
,2,0.983354,0.171125,5.65075,1,1
,2,0.998802,0.473504,2.10686,1,1
,2,1,0.169655,5.89431,1,1
,2,0.987305,0.17265,5.64595,1,1
,2,0.996923,0.172968,5.74588,1,1
,2,0.976311,0.246611,3.86513,1,1
,2,0.996503,0.392688,2.52877,1,1
,2,0.992185,0.316424,3.11111,1,1
,2,0.990926,0.174311,5.63323,1,1
,2,0.988647,0.181203,5.39408,1,1
,2,0.995665,0.219984,4.50647,1,1
,2,0.995998,0.236399,4.19634,1,1
,2,0.991098,0.369381,2.65925,1,1
,2,0.991812,0.179965,5.46601,1,1
,2,1,0.218551,4.57558,1,1
,2,0.99664,0.203605,4.87851,1,1
,2,0.99816,0.188951,5.27291,1,1
,2,1,0.439528,2.27517,1,1
,2,0.994025,0.740783,1.33384,1,1
,2,0.955318,0.221053,4.12857,1,1
,2,0.972474,0.298648,3.16662,1,1
LC3-puncta_MOConly_batch-seg_3Jun21_012b_000_WT-A_NSW3012_488-LC3_594-LAMP1_basal_60X_004.nd2,1,0.974429,0.421124,2.25471,1,1
,1,0.995477,0.262397,3.77662,1,1
,1,0.999999,0.222564,4.49308,1,1
,1,0.987416,0.163451,5.96505,1,1
,2,0.954914,0.602477,1.51352,1,1
,2,0.978083,0.135644,7.0526,1,1
,2,0.995349,0.166459,5.95174,1,1
,2,0.914217,0.173388,4.82036,1,1
,2,0.989113,0.168445,5.8081,1,1
,2,0.992206,0.512147,1.92224,1,1
,2,0.993424,0.205727,4.79708,1,1
,2,0.984794,0.470261,2.0623,1,1
,2,0.949676,0.296353,3.04328,1,1
,2,0.991678,0.180516,5.44786,1,1
,2,0.989252,0.240505,4.06903,1,1
,3,0.976211,0.193466,4.92586,1,1
,3,1,0.721333,1.38632,1,1
,3,0.994965,0.318576,3.10743,1,1
,3,0.999688,0.228083,4.38164,1,1
LC3-puncta_MOConly_batch-seg_3Jun21_012b_000_WT-A_NSW3012_488-LC3_594-LAMP1_basal_60X_006_crop.nd2,1,0.997149,0.200282,4.96454,1,1
,1,0.997029,0.154942,6.41573,1,1
,1,0.996419,0.148301,6.69486,1,1
,1,0.988647,0.340803,2.868,1,1
,1,0.999097,0.159045,6.27619,1,1
,1,0.993763,0.247033,3.99771,1,1
,1,0.962476,0.265051,3.49502,1,1
,1,1,0.355482,2.81308,1,1
,1,0.983777,0.263446,3.67369,1,1
,1,0.987688,0.501748,1.94426,1,1
,1,0.989227,0.287108,3.40837,1,1
,1,0.979854,0.28985,3.31245,1,1
,1,0.983697,0.334113,2.89621,1,1
,1,0.982228,0.175363,5.50157,1,1
,1,0.995597,0.219399,4.51786,1,1
,1,0.995811,0.192988,5.13834,1,1
,2,0.957125,0.142795,6.4154,1,1
,2,0.95064,0.127243,7.1023,1,1
,2,0.980434,0.135175,7.11119,1,1
,2,0.964681,0.135406,6.87273,1,1
,2,0.993078,0.188285,5.23784,1,1
,2,0.991265,0.20009,4.91081,1,1
,2,0.984632,0.185833,5.21705,1,1
,2,0.912941,0.105351,7.91128,1,1
,2,0.99353,0.210351,4.69263,1,1
,2,0.99233,0.233603,4.21534,1,1
,2,0.986157,0.137684,7.0633,1,1
,2,0.994257,0.195083,5.06733,1,1
,2,1,0.528433,1.89239,1,1
,2,0.995968,0.207133,4.78897,1,1
,2,0.999869,0.219398,4.55674,1,1
,2,0.989993,0.15441,6.3473,1,1
,2,1,0.414358,2.41337,1,1
,2,0.985486,0.594238,1.63433,1,1
,2,0.991411,0.323312,3.04009,1,1
,2,0.993188,0.238974,4.12774,1,1
,2,0.989621,0.473733,2.06731,1,1
,2,0.996386,0.260232,3.815,1,1
,2,0.995494,0.223644,4.43119,1,1
,2,0.99108,0.418862,2.34502,1,1
,2,0.995137,0.159161,6.22197,1,1
,2,1,0.142857,7,1,1
,2,0.996622,0.216621,4.58522,1,1
,2,0.992979,0.235061,4.19469,1,1
LC3-puncta_MOConly_batch-seg_3Jun21_012b_000_WT-A_NSW3012_488-LC3_594-LAMP1_basal_60X_007.nd2,1,0.990646,0.160191,6.12632,1,1
,1,1,1.27034,0.787188,1,1
,1,0.990108,0.133127,7.36376,1,1
,1,0.987738,0.229352,4.25384,1,1
,1,0.994473,0.254407,3.88738,1,1
,1,0.992199,0.205376,4.79343,1,1
,1,0.990509,0.149188,6.5763,1,1
,1,0.952266,0.116868,7.75925,1,1
,2,0.985159,0.145247,6.68199,1,1
,2,0.99093,0.138169,7.10682,1,1
,2,1,0.164095,6.09402,1,1
,2,0.997065,0.241223,4.12124,1,1
,2,0.991765,0.162976,6.03524,1,1
,2,0.962863,0.180357,5.14039,1,1
,2,0.988551,0.152389,6.41277,1,1
LC3-puncta_MOConly_batch-seg_3Jun21_012b_000_WT-A_NSW3012_488-LC3_594-LAMP1_basal_60X_009.nd2,1,0.996259,0.168929,5.87545,1,1
,1,0.978078,0.197911,4.83368,1,1
,1,0.998977,0.248095,4.02247,1,1
,1,1,0.241331,4.14368,1,1
,1,0.992338,0.181493,5.42574,1,1
,1,0.993156,0.147683,6.67888,1,1
,1,0.990216,0.173533,5.65038,1,1
LC3-puncta_MOConly_batch-seg_3Jun21_012b_000_WT-A_NSW3012_488-LC3_594-LAMP1_basal_60X_011.nd2,2,0.990656,0.404381,2.42692,1,1
,2,0.975132,0.406735,2.33785,1,1
,2,0.978269,1.35792,0.704763,1,1
LC3-puncta_MOConly_batch-seg_3Jun21_012b_000_WT-A_NSW3012_488-LC3_594-LAMP1_basal_60X_013_crop.nd2,1,0.979458,0.144444,6.64161,1,1
,1,0.980282,0.330108,2.91102,1,1
,1,0.983949,0.211898,4.56898,1,1
,1,0.994729,0.680837,1.45334,1,1
,1,0.984396,0.380747,2.54509,1,1
,1,0.996338,0.387599,2.56112,1,1
,1,0.980032,0.304347,3.15582,1,1
,1,0.987828,0.187135,5.21444,1,1
,1,0.993235,0.224258,4.39903,1,1
,1,0.992138,0.190586,5.1648,1,1
,1,0.997337,0.191495,5.19431,1,1
,1,0.997818,0.21273,4.6803,1,1
,1,0.988367,0.262707,3.71848,1,1
,2,0.988814,0.2535,3.85701,1,1
,2,0.971936,0.167889,5.62671,1,1
,2,0.977487,0.415675,2.29862,1,1
,2,0.986069,0.256275,3.7941,1,1
,2,0.988101,0.586686,1.66417,1,1
,2,0.976459,0.333225,2.86135,1,1
,2,0.980977,0.247975,3.8807,1,1
,2,0.983019,0.318688,3.0322,1,1
,2,0.984516,0.477231,2.03103,1,1
,2,0.992374,0.163408,6.02666,1,1
,2,1,0.20255,4.93706,1,1
,2,0.991733,0.188744,5.21095,1,1
,2,1,0.185319,5.3961,1,1
,2,0.99743,0.211658,4.70035,1,1
,2,0.994802,0.179528,5.51241,1,1
,2,0.988861,0.405594,2.4109,1,1
,2,0.994915,0.365944,2.70494,1,1
,2,0.988609,0.360058,2.71441,1,1
,2,0.989267,0.212045,4.6153,1,1
,2,0.993479,0.257926,3.82668,1,1
,2,0.991905,0.23124,4.25479,1,1
,2,0.974501,0.183106,5.18636,1,1
,2,0.994623,0.208551,4.74355,1,1
,2,0.984167,0.220752,4.38767,1,1
,2,1,0.213615,4.68132,1,1
LC3-puncta_MOConly_batch-seg_3Jun21_012b_000_WT-A_NSW3012_488-LC3_594-LAMP1_basal_60X_014_crop.nd2,1,0.967958,0.163076,5.74544,1,1
,1,0.983518,0.135326,7.14798,1,1
,1,1,0.155583,6.42742,1,1
,1,0.998078,0.278666,3.57474,1,1
,2,0.977231,0.159014,6.00563,1,1
,2,0.996936,0.146808,6.76995,1,1
,2,0.978022,0.191769,4.9879,1,1
,2,0.997111,0.145801,6.81911,1,1
,2,0.989082,0.145649,6.71673,1,1
,2,0.984933,0.193319,5.01809,1,1
,2,0.989399,0.1716,5.7046,1,1
,2,0.998971,0.156086,6.39353,1,1
,2,0.993594,0.139688,7.06738,1,1
,2,0.99957,0.186506,5.35714,1,1
,2,0.883046,0.158699,4.91353,1,1
,3,0.977954,0.148405,6.44447,1,1
,3,0.991847,0.15537,6.33171,1,1
,3,1,0.185339,5.39552,1,1
,3,0.948206,0.175194,5.13198,1,1
,3,0.945204,0.0905731,9.86397,1,1
,3,0.992469,0.158653,6.20848,1,1
,3,0.993417,0.16582,5.95148,1,1
,3,0.992195,0.181002,5.43891,1,1
,3,0.97882,0.20238,4.73412,1,1
,3,0.999436,0.219118,4.55861,1,1
,3,0.957546,0.177271,5.17229,1,1
,3,0.983568,0.183793,5.26356,1,1
,3,0.990945,0.230105,4.2675,1,1
,3,0.959586,0.192302,4.78832,1,1
,3,0.996194,0.166667,5.95442,1,1
,3,0.999881,0.175011,5.71258,1,1
,3,0.998859,0.300405,3.32125,1,1
,3,0.93183,0.123817,7.0128,1,1
,3,0.970298,0.216554,4.34755,1,1
,3,0.981781,0.142603,6.75927,1,1
,3,0.985265,0.144393,6.72297,1,1
,3,1,0.157819,6.33636,1,1
,3,0.982808,0.808397,1.19485,1,1
,3,0.989556,0.170058,5.75816,1,1
,3,0.996034,0.222398,4.46084,1,1
,3,0.972152,0.141699,6.66962,1,1
,3,0.985535,0.1597,6.08191,1,1
,3,0.997766,0.208274,4.77993,1,1
,3,0.994262,0.237484,4.16263,1,1
,3,0.999593,0.491506,2.03291,1,1
,3,0.993747,0.172118,5.73752,1,1
,3,0.994846,0.165704,5.9728,1,1
,3,0.998488,0.215047,4.63608,1,1
,3,0.99938,0.163913,6.09323,1,1
LC3-puncta_MOConly_batch-seg_3Jun21_012b_000_WT-A_NSW3012_488-LC3_594-LAMP1_basal_60X_015_crop.nd2,1,0.99528,0.203768,4.86133,1,1
,2,0.991144,0.169835,5.78424,1,1
,2,0.998201,0.17327,5.75061,1,1
,2,0.98095,0.177089,5.43377,1,1
,2,0.991837,0.168011,5.85522,1,1
,2,1,0.163209,6.12712,1,1
,2,0.990172,0.152664,6.4222,1,1
,2,0.98176,0.17362,5.55151,1,1
,2,0.99623,0.185237,5.35786,1,1
,2,0.978939,0.173773,5.51481,1,1
,2,0.987555,0.211905,4.60237,1,1
,2,0.993442,0.299764,3.29235,1,1
,2,0.98022,0.159009,6.04261,1,1
,2,0.994802,0.17609,5.62004,1,1
,2,0.995086,0.185633,5.33416,1,1
,2,0.992136,0.156905,6.27344,1,1
,2,0.991444,0.212473,4.62628,1,1
,3,0.99448,0.190599,5.18885,1,1
,3,0.969715,0.116494,8.07206,1,1
,3,0.98219,0.140231,6.87935,1,1
,3,1,0.229111,4.36471,1,1
,3,0.995582,0.150483,6.58669,1,1
,3,0.994346,0.15794,6.26014,1,1
,3,0.985662,0.152669,6.36364,1,1
,3,0.997325,0.161024,6.17708,1,1
,3,0.992392,0.162357,6.06591,1,1
,3,0.996309,0.253261,3.91939,1,1
,3,0.985298,0.133848,7.25312,1,1
,3,0.970769,0.294563,3.19929,1,1
,3,0.995134,0.217164,4.56011,1,1
,3,0.984726,0.31007,3.12731,1,1
,3,0.974886,0.329254,2.88653,1,1
,3,0.994462,0.174488,5.66775,1,1
,3,0.974146,0.28298,3.35346,1,1
,3,0.944975,0.372412,2.39782,1,1
,3,0.981149,0.163259,5.89648,1,1
,3,0.983313,0.169076,5.71876,1,1
,3,0.991326,0.205047,4.79268,1,1
,3,0.989129,0.167135,5.85382,1,1
,3,0.99361,0.220125,4.485,1,1
,3,0.989753,0.180371,5.4311,1,1
,3,0.975312,0.18815,5.05573,1,1
,3,0.985995,0.137547,7.06802,1,1
,3,0.972473,0.147713,6.40231,1,1
,3,0.995277,0.178425,5.55179,1,1
,3,1,0.150838,6.62963,1,1
LC3-puncta_MOConly_batch-seg_3Jun21_012b_000_WT-A_NSW3012_488-LC3_594-LAMP1_basal_60X_017_crop.nd2,1,0.998512,0.179793,5.54542,1,1
,1,0.971204,0.137056,6.88216,1,1
,1,0.990311,0.278374,3.52302,1,1
,1,0.951608,0.142244,6.36621,1,1
,1,0.938335,0.131502,6.6955,1,1
,1,1,0.338336,2.95565,1,1
,1,1,0.718208,1.39235,1,1
,1,0.977442,0.263802,3.62163,1,1
,1,0.999401,0.545125,1.83224,1,1
,1,0.99991,0.313626,3.18794,1,1
,1,0.988263,0.507686,1.92375,1,1
,1,0.976243,0.213312,4.46787,1,1
,1,0.995803,0.225916,4.38935,1,1
,1,0.994649,0.149709,6.60834,1,1
,1,1,0.813836,1.22875,1,1
,1,1,0.147297,6.78899,1,1
,2,0.995152,0.196271,5.04571,1,1
,2,0.987624,0.168608,5.78501,1,1
,2,0.985588,0.194697,4.98921,1,1
,2,0.983164,0.476351,2.0292,1,1
,2,0.979773,0.265992,3.60896,1,1
,3,1,0.155525,6.42982,1,1
,4,0.988775,0.487876,2.00395,1,1
,4,1,0.497455,2.01023,1,1
,4,0.987751,0.872926,1.11768,1,1
,4,1,1.08511,0.921569,1,1
,4,0.987652,0.99563,0.979738,1,1
LC3-puncta_MOConly_batch-seg_3Jun21_012b_000_WT-A_NSW3012_488-LC3_594-LAMP1_basal_60X_018.nd2,1,0.999677,0.226556,4.41107,1,1
,1,0.973594,0.197574,4.79762,1,1
,1,0.989301,0.186849,5.23802,1,1
,1,0.993134,0.137353,7.18087,1,1
,1,0.990526,0.145315,6.75184,1,1
,1,0.998151,0.195306,5.10126,1,1
,1,1,0.160315,6.2377,1,1
,1,0.987854,0.165676,5.89013,1,1
,1,0.995159,0.150887,6.56344,1,1
,1,0.995946,0.172249,5.75856,1,1
,1,0.993688,0.149318,6.61285,1,1
,1,1,0.352668,2.83553,1,1
,1,0.99156,0.135429,7.25981,1,1
,1,0.999424,0.165047,6.05188,1,1
,1,0.985101,0.143058,6.78345,1,1
,1,0.984521,0.132545,7.31285,1,1
,2,0.986224,0.193149,5.03569,1,1
,2,0.995929,0.182936,5.42199,1,1
,2,1,0.25573,3.91038,1,1
,2,0.994702,0.220624,4.4847,1,1
,2,0.998602,0.167062,5.96908,1,1
,2,0.990171,0.196205,4.99702,1,1
,2,0.998748,0.197237,5.05737,1,1
,2,0.99667,0.176537,5.62688,1,1
,2,0.993553,0.194145,5.08459,1,1
,2,0.99006,0.232422,4.21742,1,1
,2,0.995414,0.151733,6.5302,1,1
,2,0.961982,0.269464,3.43426,1,1
,2,1,0.230691,4.3348,1,1
,2,0.991379,0.468747,2.09672,1,1
,2,0.993906,0.258895,3.81564,1,1
,2,0.992123,0.311964,3.15519,1,1
,2,0.96366,0.23418,3.96549,1,1
,2,0.98959,0.256518,3.81763,1,1
,2,0.985363,0.153681,6.31789,1,1
,2,1,0.303891,3.29066,1,1
,2,0.997855,0.214297,4.64642,1,1
,2,0.999202,0.23911,4.17551,1,1
,2,0.962324,0.120735,7.67027,1,1
,2,0.987488,0.141645,6.88437,1,1
,2,0.978392,0.22832,4.19259,1,1
,2,0.994457,0.175935,5.6211,1,1
,2,0.975433,0.168289,5.65379,1,1
,3,0.990621,0.449895,2.18124,1,1
,3,0.984657,0.581764,1.66657,1,1
,3,0.973225,0.276972,3.41972,1,1
,3,0.99528,0.247903,3.99584,1,1
,3,0.997112,0.279917,3.55188,1,1
,3,0.989327,0.17947,5.45366,1,1
,4,0.994476,0.159012,6.21956,1,1
,4,0.969046,0.844851,1.1115,1,1
,4,0.957816,0.228888,4.00812,1,1
LC3-puncta_MOConly_batch-seg_3Jun21_012b_000_WT-A_NSW3012_488-LC3_594-LAMP1_basal_60X_019_crop.nd2,1,0.983726,0.134143,7.21406,1,1
,1,0.990508,0.19526,5.02462,1,1
,1,0.986253,0.199204,4.88291,1,1
,1,0.982138,0.771098,1.25094,1,1
,1,0.951678,0.233774,3.87421,1,1
,1,0.994263,1.64267,0.601799,1,1
,1,0.998053,0.648533,1.53594,1,1
,1,0.986942,0.201426,4.83579,1,1
,1,0.988461,0.300622,3.25011,1,1
,1,0.984794,0.190405,5.09345,1,1
,2,0.991121,0.131875,7.4489,1,1
,2,0.988363,0.148839,6.56322,1,1
,2,1,0.163558,6.11404,1,1
,2,0.996057,0.17629,5.62783,1,1
,2,0.984827,0.183104,5.2969,1,1
,2,0.980406,0.31164,3.08431,1,1
,2,0.994038,0.194256,5.08665,1,1
,2,0.982912,0.351616,2.74765,1,1
,2,0.988867,0.216288,4.52109,1,1
,2,0.983025,0.438154,2.20548,1,1
,2,0.987431,0.187948,5.18772,1,1
,2,0.987054,0.33294,2.92628,1,1
,2,0.979346,0.146002,6.56921,1,1
,2,0.992557,0.192969,5.10533,1,1
,2,0.979975,0.174762,5.4952,1,1
,2,0.984277,0.190213,5.09324,1,1
LC3-puncta_MOConly_batch-seg_3Jun21_012b_000_WT-A_NSW3012_488-LC3_594-LAMP1_basal_60X_020.nd2,1,0.98161,0.1394,6.91218,1,1
,1,1,0.181552,5.50806,1,1
,1,0.983316,0.133083,7.26547,1,1
,1,0.994923,0.138215,7.16185,1,1
,1,0.988692,0.153742,6.35815,1,1
,1,0.987005,0.177253,5.496,1,1
,2,1,0.145127,6.89051,1,1
